id;tenant_id;created_by;title;created_at;updated_at
b6fc0835-c9c2-4c01-b543-620165ef90cf;dc13b335-897e-4b6f-9d25-57096521ee41;92d930d9-cb30-4fbc-91ed-c80b496a513f;Debugging help;2026-05-18 13:28:28.355173+00;2026-05-18 13:28:28.355173+00
75ad43f4-e98e-46b0-a263-9bf3b5053898;dc13b335-897e-4b6f-9d25-57096521ee41;555faec2-40b3-4560-8985-54c83e382808;Debugging help;2026-05-18 13:28:28.864255+00;2026-05-18 13:28:28.864255+00
83ec7d2d-844b-425d-9084-e0b471bcd982;dc13b335-897e-4b6f-9d25-57096521ee41;b40a4d66-d4ad-4f1e-aba9-742e442130a3;Debugging help;2026-05-18 13:28:29.367194+00;2026-05-18 13:28:29.367194+00
252484f8-ba08-4971-b87a-84795cf976da;dc13b335-897e-4b6f-9d25-57096521ee41;10e8a04b-59b4-4676-ba7e-c6ca483ee418;Debugging help;2026-05-18 13:28:29.870089+00;2026-05-18 13:28:29.870089+00
ee5a2ce1-ec3e-4f48-ad45-66f2159a5112;dc13b335-897e-4b6f-9d25-57096521ee41;b852df5e-e9c3-4679-ab67-bf25b3b7e734;Debugging help;2026-05-18 13:28:30.367406+00;2026-05-18 13:28:30.367406+00
c91eaceb-433c-4e88-906a-7d290c2971a6;dc13b335-897e-4b6f-9d25-57096521ee41;405de83d-1eb1-4421-8df5-e8ea853b54ab;Debugging help;2026-05-18 13:28:30.926518+00;2026-05-18 13:28:30.926518+00
2f4f3a05-743a-4da7-b093-8a8cdcfbf351;dc13b335-897e-4b6f-9d25-57096521ee41;3b1112e1-f175-4fec-bad6-39de86fcfaf4;Debugging help;2026-05-18 13:28:31.430884+00;2026-05-18 13:28:31.430884+00
b87aaad0-319a-4e7b-8eb5-fb29ff679323;dc13b335-897e-4b6f-9d25-57096521ee41;16a7c817-167b-412e-a130-15a587ba79e4;Debugging help;2026-05-18 13:28:31.931753+00;2026-05-18 13:28:31.931753+00
4d843691-0e45-4f0e-879c-da2cc0005931;dc13b335-897e-4b6f-9d25-57096521ee41;b5c08cd4-8ebc-48ce-b77a-04dc7cc67aff;Debugging help;2026-05-18 13:28:32.43055+00;2026-05-18 13:28:32.43055+00
a3f9b026-8776-44c3-8505-daf5b4d9995f;dc13b335-897e-4b6f-9d25-57096521ee41;ee21f4c0-0acb-44a2-bcc5-28a294d56623;Debugging help;2026-05-18 13:28:32.926918+00;2026-05-18 13:28:32.926918+00
de156f59-775b-4dcb-a5d4-9cbbdd5fca01;78741f68-cf71-4c72-b937-21ab5cc8d219;1052d757-eb78-490a-a37f-5f4f59d47dcf;Debugging help;2026-05-18 13:31:32.375785+00;2026-05-18 13:31:32.375785+00
5a2c6950-415c-41d8-a23d-a46b74957a18;78741f68-cf71-4c72-b937-21ab5cc8d219;774c7ef1-f0a4-442c-b139-dd6b2a5d6ce8;Debugging help;2026-05-18 13:31:32.855654+00;2026-05-18 13:31:32.855654+00
4638b7fb-4cae-4c0b-a1f1-2bbd16cd0367;78741f68-cf71-4c72-b937-21ab5cc8d219;865eba32-2b1d-436e-842e-2686c24e495a;Debugging help;2026-05-18 13:31:33.33564+00;2026-05-18 13:31:33.33564+00
45c531fe-6cdc-4a67-9641-c21b4e829d0f;78741f68-cf71-4c72-b937-21ab5cc8d219;b773eeb5-5cfa-4aa5-8fcf-268e2ec79278;Debugging help;2026-05-18 13:31:33.819866+00;2026-05-18 13:31:33.819866+00
8f910005-425c-4df9-b332-157569ac4405;78741f68-cf71-4c72-b937-21ab5cc8d219;94f02679-622d-46fe-bdac-19d2faf55c5f;Debugging help;2026-05-18 13:31:34.296424+00;2026-05-18 13:31:34.296424+00
5ddac591-7203-41f6-8054-b22b69b5c07c;78741f68-cf71-4c72-b937-21ab5cc8d219;9a35db08-2eae-48a4-a607-fff1d5cd5b80;Debugging help;2026-05-18 13:31:34.800999+00;2026-05-18 13:31:34.800999+00
5002d0f4-c924-4e6b-9e36-8ea305f7cee3;78741f68-cf71-4c72-b937-21ab5cc8d219;329ab969-9c9d-47b6-9623-fcf23b896312;Debugging help;2026-05-18 13:31:35.299736+00;2026-05-18 13:31:35.299736+00
2c86082e-9343-4b49-b7fe-6dff095f1605;78741f68-cf71-4c72-b937-21ab5cc8d219;cb62f456-d53d-455b-a6a9-f262fcfc2015;Debugging help;2026-05-18 13:31:35.779001+00;2026-05-18 13:31:35.779001+00
759d2abf-c9cd-40d9-af00-70fb2ee2b794;78741f68-cf71-4c72-b937-21ab5cc8d219;68532b03-df50-4174-8fac-fcc86eff63cf;Debugging help;2026-05-18 13:31:36.256541+00;2026-05-18 13:31:36.256541+00
26da726e-addc-4f8a-9cb6-862cbb83c769;78741f68-cf71-4c72-b937-21ab5cc8d219;8d33c68a-4bc0-4fd5-ae77-8403a8a3c1ab;Debugging help;2026-05-18 13:31:36.763272+00;2026-05-18 13:31:36.763272+00
d0052840-3265-4781-acbf-c92843320cab;aa4c9f90-97a2-4b4f-a1de-c3e0b27b1973;bfe7f6ba-c30c-4333-8cc4-b457dc223bed;Debugging help;2026-05-18 13:34:55.150521+00;2026-05-18 13:34:55.150521+00
d1eb82cc-39cd-4a02-a56f-ab18ff24e59e;aa4c9f90-97a2-4b4f-a1de-c3e0b27b1973;3d31f3b2-e438-4ab8-91b9-0aed8153fd36;Debugging help;2026-05-18 13:34:55.666851+00;2026-05-18 13:34:55.666851+00
850b6fad-dce8-49a4-a5fb-16a341edb303;aa4c9f90-97a2-4b4f-a1de-c3e0b27b1973;e69e657c-765f-47f9-81bb-653f3f6c5cd2;Debugging help;2026-05-18 13:34:56.183526+00;2026-05-18 13:34:56.183526+00
e8f139f4-569b-41ca-ba9d-c4727c7a5be6;aa4c9f90-97a2-4b4f-a1de-c3e0b27b1973;25661e39-892e-4fb1-9ee3-ae7069935dc2;Debugging help;2026-05-18 13:34:56.694029+00;2026-05-18 13:34:56.694029+00
a98f1bf9-68de-40e1-918b-feac1dea7862;aa4c9f90-97a2-4b4f-a1de-c3e0b27b1973;4c900f97-3b48-4f4f-b203-5bb44c3c494e;Debugging help;2026-05-18 13:34:57.207089+00;2026-05-18 13:34:57.207089+00
fbc5567f-83d7-4e37-829d-16c5f9f2ac42;aa4c9f90-97a2-4b4f-a1de-c3e0b27b1973;e7cf2075-bb23-440b-ad06-54203b98b6cd;Debugging help;2026-05-18 13:34:57.725652+00;2026-05-18 13:34:57.725652+00
b47d31a2-cab6-47c9-b112-fbc2162e1998;aa4c9f90-97a2-4b4f-a1de-c3e0b27b1973;42c61368-6e0d-4274-b0d4-76938a221f32;Debugging help;2026-05-18 13:34:58.239744+00;2026-05-18 13:34:58.239744+00
bd2a1d87-3cf5-4992-bfa1-a9c19dc476e3;aa4c9f90-97a2-4b4f-a1de-c3e0b27b1973;585cda7e-20d0-4ed5-8dea-e4e3b5fe3022;Debugging help;2026-05-18 13:34:58.752343+00;2026-05-18 13:34:58.752343+00
e6c8aba1-ade5-421f-8166-433bd79cda90;aa4c9f90-97a2-4b4f-a1de-c3e0b27b1973;be048027-e538-4343-b9dc-c120187e1a0c;Debugging help;2026-05-18 13:34:59.271011+00;2026-05-18 13:34:59.271011+00
ae8e4ea7-42df-49aa-8f50-107917d3dae6;aa4c9f90-97a2-4b4f-a1de-c3e0b27b1973;21546931-a4d7-4021-a48c-6b8d54ac0a67;Debugging help;2026-05-18 13:34:59.789576+00;2026-05-18 13:34:59.789576+00
e3b085e1-ed22-4c4c-aa5f-51931a624c45;dc13b335-897e-4b6f-9d25-57096521ee41;92d930d9-cb30-4fbc-91ed-c80b496a513f;Help me with this;2026-05-18 14:20:44.308722+00;2026-05-18 14:20:44.308722+00
1da991de-9dd7-4d72-a70d-b6de696d3ee4;dc13b335-897e-4b6f-9d25-57096521ee41;36126355-c813-4353-8274-7f95dc614b66;Find and fix bugs;2026-05-18 14:32:25.785586+00;2026-05-18 14:32:25.785586+00
acbdba4e-ed04-429e-9bb2-314256c5f76f;dc13b335-897e-4b6f-9d25-57096521ee41;36126355-c813-4353-8274-7f95dc614b66;Help me with this;2026-05-18 14:32:29.855675+00;2026-05-18 14:32:29.855675+00
d70dd7d1-1674-4e13-ad1a-72524db94a3b;f98849ce-7bd0-4036-bb7d-6509cf722198;ee75d909-9216-4dfa-835c-e57ec158494a;write a c++ any code pls ;2026-05-29 10:18:07.232787+00;2026-05-29 10:18:07.232787+00
531eea6f-ffdb-4a85-811b-738291c411dd;f98849ce-7bd0-4036-bb7d-6509cf722198;ee75d909-9216-4dfa-835c-e57ec158494a;Help me with this;2026-05-29 10:28:56.339335+00;2026-05-29 10:28:56.339335+00
0f283d70-9c7f-43c8-8c8f-edc9aa86e866;f98849ce-7bd0-4036-bb7d-6509cf722198;ee75d909-9216-4dfa-835c-e57ec158494a;Help me with this;2026-05-29 10:33:40.912739+00;2026-05-29 10:33:40.912739+00
7b585fac-2fe0-4cf9-9b55-688c76b8013a;f98849ce-7bd0-4036-bb7d-6509cf722198;ee75d909-9216-4dfa-835c-e57ec158494a;Explain this code;2026-05-29 10:33:43.969017+00;2026-05-29 10:33:43.969017+00
74a8520c-7664-4be9-ac48-412579b8df27;f98849ce-7bd0-4036-bb7d-6509cf722198;ee75d909-9216-4dfa-835c-e57ec158494a;Help me with this;2026-05-29 10:37:15.078122+00;2026-05-29 10:37:15.078122+00
33ce16e3-a37c-4a71-a7a0-c787fbf43ccd;f98849ce-7bd0-4036-bb7d-6509cf722198;ee75d909-9216-4dfa-835c-e57ec158494a;Help me with this;2026-05-29 10:37:22.406717+00;2026-05-29 10:37:22.406717+00
07a60908-356e-4c1f-9d03-cb9a67c0a944;f98849ce-7bd0-4036-bb7d-6509cf722198;ee75d909-9216-4dfa-835c-e57ec158494a;Explain this code;2026-05-29 10:37:25.312081+00;2026-05-29 10:37:25.312081+00
33e4131a-9356-46c8-a0c2-ce4d5bb19cf8;f98849ce-7bd0-4036-bb7d-6509cf722198;ee75d909-9216-4dfa-835c-e57ec158494a;Help me with this;2026-05-29 10:45:43.889292+00;2026-05-29 10:45:43.889292+00
ee57ffe1-ed9c-498d-b4da-887e40c5e0a2;f98849ce-7bd0-4036-bb7d-6509cf722198;ee75d909-9216-4dfa-835c-e57ec158494a;Help me with this;2026-05-30 09:12:08.455504+00;2026-05-30 09:12:08.455504+00
112fc62f-d7a4-46e9-9ea3-fb9394c86b22;f98849ce-7bd0-4036-bb7d-6509cf722198;ee75d909-9216-4dfa-835c-e57ec158494a;Help me with this;2026-05-30 09:12:28.247085+00;2026-05-30 09:12:28.247085+00
9ee9afad-c220-4739-a659-24c4428e4848;f98849ce-7bd0-4036-bb7d-6509cf722198;ee75d909-9216-4dfa-835c-e57ec158494a;Review this code;2026-05-30 09:13:02.585016+00;2026-05-30 09:13:02.585016+00
a729b2ba-140f-40c6-b07f-99bcbcff6fc3;f98849ce-7bd0-4036-bb7d-6509cf722198;ee75d909-9216-4dfa-835c-e57ec158494a;Help me with this;2026-05-30 09:20:36.019827+00;2026-05-30 09:20:36.019827+00
a45d4423-ed07-49e4-a95f-6b0d5c733231;f98849ce-7bd0-4036-bb7d-6509cf722198;ee75d909-9216-4dfa-835c-e57ec158494a;Help me with this;2026-05-30 09:22:29.082826+00;2026-05-30 09:22:29.082826+00
3ef2dfae-90c4-40ca-9529-617a31e3eb03;f98849ce-7bd0-4036-bb7d-6509cf722198;ee75d909-9216-4dfa-835c-e57ec158494a;Help me with this;2026-05-30 09:38:24.631415+00;2026-05-30 09:38:24.631415+00
af9ad7d4-0cae-4bbf-a9f1-296dc08fc0e2;f98849ce-7bd0-4036-bb7d-6509cf722198;ee75d909-9216-4dfa-835c-e57ec158494a;Help me with this;2026-05-30 09:53:10.724062+00;2026-05-30 09:53:10.724062+00
b1649bc5-e4dd-485a-8491-0daccfd2159e;f98849ce-7bd0-4036-bb7d-6509cf722198;ee75d909-9216-4dfa-835c-e57ec158494a;Help me with this;2026-05-30 10:02:23.883949+00;2026-05-30 10:02:23.883949+00
56b7e773-e1e3-4520-b655-97da6d21de2e;f98849ce-7bd0-4036-bb7d-6509cf722198;ee75d909-9216-4dfa-835c-e57ec158494a;Help me with this;2026-05-30 10:04:09.146998+00;2026-05-30 10:04:09.146998+00
7b63b3d0-c09c-4193-9f1b-dfb526b764ac;f98849ce-7bd0-4036-bb7d-6509cf722198;ee75d909-9216-4dfa-835c-e57ec158494a;Help me with this;2026-05-30 10:04:56.771068+00;2026-05-30 10:04:56.771068+00
86246187-54af-401b-8372-3ee8da2949c7;f98849ce-7bd0-4036-bb7d-6509cf722198;ee75d909-9216-4dfa-835c-e57ec158494a;Help me with this;2026-05-30 10:16:29.641887+00;2026-05-30 10:16:29.641887+00
44f4e1ee-2ed5-4693-a5e1-be4fa2fcd7d8;f98849ce-7bd0-4036-bb7d-6509cf722198;ee75d909-9216-4dfa-835c-e57ec158494a;Help me with this;2026-05-30 10:17:31.241337+00;2026-05-30 10:17:31.241337+00
c57b6a40-3ba3-4565-b1e8-34aa3e899372;f98849ce-7bd0-4036-bb7d-6509cf722198;ee75d909-9216-4dfa-835c-e57ec158494a;Help me with this;2026-05-30 10:21:00.240973+00;2026-05-30 10:21:00.240973+00
39c83c6a-f081-4f27-9fc1-33a62c277fa0;f98849ce-7bd0-4036-bb7d-6509cf722198;ee75d909-9216-4dfa-835c-e57ec158494a;Help me with this;2026-05-30 10:21:47.768054+00;2026-05-30 10:21:47.768054+00
ba27e765-8c4a-4669-b1bb-190be087605e;f98849ce-7bd0-4036-bb7d-6509cf722198;ee75d909-9216-4dfa-835c-e57ec158494a;Help me with this;2026-05-30 18:43:36.767458+00;2026-05-30 18:43:36.767458+00
e0d78c03-32fc-4164-a4df-2257e7df167b;f98849ce-7bd0-4036-bb7d-6509cf722198;ee75d909-9216-4dfa-835c-e57ec158494a;Help me with this;2026-05-30 18:45:18.790196+00;2026-05-30 18:45:18.790196+00
8d43241b-1b72-47dd-8cf8-1cec3735dc50;f98849ce-7bd0-4036-bb7d-6509cf722198;ee75d909-9216-4dfa-835c-e57ec158494a;Help me with this;2026-05-30 18:45:52.681424+00;2026-05-30 18:45:52.681424+00
1c9c7b1f-027e-4722-ba53-cc65013d947e;f98849ce-7bd0-4036-bb7d-6509cf722198;ee75d909-9216-4dfa-835c-e57ec158494a;Help me with this;2026-05-30 18:47:40.505515+00;2026-05-30 18:47:40.505515+00
a89f484d-af85-42d5-8410-8d3c9a280772;f98849ce-7bd0-4036-bb7d-6509cf722198;ee75d909-9216-4dfa-835c-e57ec158494a;Help me with this;2026-05-30 19:05:16.832242+00;2026-05-30 19:05:16.832242+00
aeb19cc2-7f96-4e7c-ab22-bcc980639085;f98849ce-7bd0-4036-bb7d-6509cf722198;ee75d909-9216-4dfa-835c-e57ec158494a;Help me with this;2026-05-30 19:23:20.312725+00;2026-05-30 19:23:20.312725+00
0a4ea22f-60da-4718-b5fb-88cc794e774d;f98849ce-7bd0-4036-bb7d-6509cf722198;ee75d909-9216-4dfa-835c-e57ec158494a;without bool;2026-05-30 19:24:16.538942+00;2026-05-30 19:24:16.538942+00
3f07c01b-1e3a-4ec1-9eda-4bcd9164e534;f98849ce-7bd0-4036-bb7d-6509cf722198;ee75d909-9216-4dfa-835c-e57ec158494a;without bool;2026-05-30 19:25:37.030541+00;2026-05-30 19:25:37.030541+00
206f5836-0112-489e-95ad-be9caec46b8c;f98849ce-7bd0-4036-bb7d-6509cf722198;ee75d909-9216-4dfa-835c-e57ec158494a;without bool;2026-05-30 19:35:23.646557+00;2026-05-30 19:35:23.646557+00
7edddc06-7006-49a1-b736-3bc4ba87701c;f98849ce-7bd0-4036-bb7d-6509cf722198;ee75d909-9216-4dfa-835c-e57ec158494a;without bool;2026-05-30 20:05:47.451488+00;2026-05-30 20:05:47.451488+00
ade97e70-fdc6-4e8a-970a-32ed742d88fd;f98849ce-7bd0-4036-bb7d-6509cf722198;ee75d909-9216-4dfa-835c-e57ec158494a;"where is wrong --
#include <iostream>
using namespace std;
i";2026-05-30 20:06:49.981618+00;2026-05-30 20:06:49.981618+00
0607fb87-87c0-4ce4-8198-5f5e431cd32e;f98849ce-7bd0-4036-bb7d-6509cf722198;ee75d909-9216-4dfa-835c-e57ec158494a;"where is wrong --
#include <iostream>
using namespace std;
i";2026-05-30 20:09:06.752862+00;2026-05-30 20:09:06.752862+00
aa3b06e6-d64e-4c99-bd93-a030d32dbd19;f98849ce-7bd0-4036-bb7d-6509cf722198;ee75d909-9216-4dfa-835c-e57ec158494a;Help me with this;2026-05-30 20:09:29.317813+00;2026-05-30 20:09:29.317813+00
7ca6f9e0-e794-48b8-a7bb-0a082f55be50;f98849ce-7bd0-4036-bb7d-6509cf722198;ee75d909-9216-4dfa-835c-e57ec158494a;Review this code;2026-05-30 20:09:41.919131+00;2026-05-30 20:09:41.919131+00
93b64925-e16f-459f-aad0-195a58fcde58;f98849ce-7bd0-4036-bb7d-6509cf722198;ee75d909-9216-4dfa-835c-e57ec158494a;Help me with this;2026-05-30 20:10:27.530761+00;2026-05-30 20:10:27.530761+00
d2d28a45-e9bb-437b-b2df-ea29db44d9d1;f98849ce-7bd0-4036-bb7d-6509cf722198;ee75d909-9216-4dfa-835c-e57ec158494a;Help me with this;2026-05-30 20:12:41.098066+00;2026-05-30 20:12:41.098066+00
39c4ff6f-2109-4323-b6a0-ca85682c2846;f98849ce-7bd0-4036-bb7d-6509cf722198;ee75d909-9216-4dfa-835c-e57ec158494a;Help me with this;2026-05-30 20:14:06.946739+00;2026-05-30 20:14:06.946739+00
54bcb91e-5b13-4fe7-9275-b6b8dd2e11c0;f98849ce-7bd0-4036-bb7d-6509cf722198;ee75d909-9216-4dfa-835c-e57ec158494a;Help me with this;2026-05-31 00:07:04.655219+00;2026-05-31 00:07:04.655219+00
da366517-e434-4217-86a0-a6726999ab90;f98849ce-7bd0-4036-bb7d-6509cf722198;ee75d909-9216-4dfa-835c-e57ec158494a;Help me with this;2026-06-01 04:04:55.235198+00;2026-06-01 04:04:55.235198+00
697ce8bd-1a64-48f2-9df3-c9b99a71fa75;f98849ce-7bd0-4036-bb7d-6509cf722198;ee75d909-9216-4dfa-835c-e57ec158494a;Help me with this;2026-06-01 05:38:27.812315+00;2026-06-01 05:38:27.812315+00
eb11e013-023a-4546-bfd5-aebfe5db04df;f98849ce-7bd0-4036-bb7d-6509cf722198;ee75d909-9216-4dfa-835c-e57ec158494a;Give brute, better and optimal solutions for this problem;2026-06-01 05:40:58.844676+00;2026-06-01 05:40:58.844676+00
191ce55a-b657-4b53-aef1-0cc57f0230de;285b374a-73f6-4e0d-af63-7cfde4170754;5e7d571b-4de0-435c-a404-65fe08a32ba8;Help me with this;2026-06-01 12:52:34.985741+00;2026-06-01 12:52:34.985741+00
e4eadd83-38e9-45ac-8832-e2bf5e9bc012;f98849ce-7bd0-4036-bb7d-6509cf722198;ee75d909-9216-4dfa-835c-e57ec158494a;Help me with this;2026-06-01 12:58:02.407585+00;2026-06-01 12:58:02.407585+00
32835896-5feb-475f-be44-e0f9fc994f73;f98849ce-7bd0-4036-bb7d-6509cf722198;ee75d909-9216-4dfa-835c-e57ec158494a;Help me with this;2026-06-01 12:59:07.273411+00;2026-06-01 12:59:07.273411+00
579eff19-61e1-4060-ade8-3ef35953c927;f98849ce-7bd0-4036-bb7d-6509cf722198;ee75d909-9216-4dfa-835c-e57ec158494a;Help me with this;2026-06-01 12:59:42.156674+00;2026-06-01 12:59:42.156674+00
407808cb-6f04-4eda-826a-0c2166e73e0c;f98849ce-7bd0-4036-bb7d-6509cf722198;ee75d909-9216-4dfa-835c-e57ec158494a;Give brute, better and optimal solutions for this problem;2026-06-01 12:59:48.525115+00;2026-06-01 12:59:48.525115+00
94a4bff0-a717-4b05-a128-6a27534e9991;f98849ce-7bd0-4036-bb7d-6509cf722198;ee75d909-9216-4dfa-835c-e57ec158494a;Explain this code;2026-06-01 13:00:14.071472+00;2026-06-01 13:00:14.071472+00
15ec18a3-4fde-4d75-aceb-1476199b0fc9;f98849ce-7bd0-4036-bb7d-6509cf722198;ee75d909-9216-4dfa-835c-e57ec158494a;Give brute, better and optimal solutions for this problem;2026-06-01 13:00:28.802378+00;2026-06-01 13:00:28.802378+00
32eda87d-f8b2-4470-8523-31678576825f;f98849ce-7bd0-4036-bb7d-6509cf722198;ee75d909-9216-4dfa-835c-e57ec158494a;"10. sum of digit in any number .cpp

";2026-06-01 13:00:39.361297+00;2026-06-01 13:00:39.361297+00
c1f783d5-2a2e-4ee7-ab6c-7a40881996e6;f98849ce-7bd0-4036-bb7d-6509cf722198;ee75d909-9216-4dfa-835c-e57ec158494a;"10. sum of digit in any number .cpp

";2026-06-01 13:04:44.46664+00;2026-06-01 13:04:44.46664+00
11516140-98df-4944-a2e9-368c8b5d532c;f98849ce-7bd0-4036-bb7d-6509cf722198;ee75d909-9216-4dfa-835c-e57ec158494a;"10. sum of digit in any number .cpp

";2026-06-01 13:04:50.24013+00;2026-06-01 13:04:50.24013+00
88fe1402-ff07-4930-b817-2061c0938766;f98849ce-7bd0-4036-bb7d-6509cf722198;ee75d909-9216-4dfa-835c-e57ec158494a;"10. sum of digit in any number .cpp

";2026-06-01 13:10:14.154491+00;2026-06-01 13:10:14.154491+00
25df513e-4af1-44a6-ab33-b1f2f137b152;f98849ce-7bd0-4036-bb7d-6509cf722198;ee75d909-9216-4dfa-835c-e57ec158494a;"10. sum of digit in any number .cpp

";2026-06-01 13:10:19.439871+00;2026-06-01 13:10:19.439871+00
1bc3e505-8dc7-4c98-abd4-671f2cdf92d1;f98849ce-7bd0-4036-bb7d-6509cf722198;ee75d909-9216-4dfa-835c-e57ec158494a;"more simplest form pls all the bruste better and optimised

";2026-06-01 13:11:26.689859+00;2026-06-01 13:11:26.689859+00
3d2b9439-d5cd-459a-9526-404c4d168d4a;f98849ce-7bd0-4036-bb7d-6509cf722198;ee75d909-9216-4dfa-835c-e57ec158494a;"more simplest form pls all the bruste better and optimised

";2026-06-01 13:22:33.444509+00;2026-06-01 13:22:33.444509+00
b79567ed-59fc-4079-b3ab-2a38903ec628;f98849ce-7bd0-4036-bb7d-6509cf722198;ee75d909-9216-4dfa-835c-e57ec158494a;without entering the number why i got this --enter number:25;2026-06-01 13:23:35.35273+00;2026-06-01 13:23:35.35273+00
a0580fd3-3320-4383-aa59-f23ac2a76d3a;f98849ce-7bd0-4036-bb7d-6509cf722198;ee75d909-9216-4dfa-835c-e57ec158494a;Help me with this;2026-06-01 13:36:18.822505+00;2026-06-01 13:36:18.822505+00
7ca74d41-621b-4925-8830-3af510a361f0;f98849ce-7bd0-4036-bb7d-6509cf722198;ee75d909-9216-4dfa-835c-e57ec158494a;Give brute, better and optimal solutions for this problem;2026-06-01 13:36:38.195614+00;2026-06-01 13:36:38.195614+00
fc57ddd2-9de5-48dd-9a9f-6eb66a42b5e4;f98849ce-7bd0-4036-bb7d-6509cf722198;ee75d909-9216-4dfa-835c-e57ec158494a;Help me with this;2026-06-02 09:42:59.973831+00;2026-06-02 09:42:59.973831+00
3447733a-3948-40ba-8a1c-e8fa3f97bf1c;f98849ce-7bd0-4036-bb7d-6509cf722198;ee75d909-9216-4dfa-835c-e57ec158494a;hollow re;2026-06-02 09:45:21.575679+00;2026-06-02 09:45:21.575679+00
0d0b60ca-ff69-478a-b46d-6ea085e4d531;f98849ce-7bd0-4036-bb7d-6509cf722198;ee75d909-9216-4dfa-835c-e57ec158494a;hollow rectangle;2026-06-02 09:46:33.567998+00;2026-06-02 09:46:33.567998+00
2e6d93b0-2de0-4649-b3b8-c68dbc06468c;f98849ce-7bd0-4036-bb7d-6509cf722198;ee75d909-9216-4dfa-835c-e57ec158494a;hollow rectangle;2026-06-02 10:22:57.137405+00;2026-06-02 10:22:57.137405+00
3e3a7aff-56f0-44d6-b7bf-4322accb9332;f98849ce-7bd0-4036-bb7d-6509cf722198;ee75d909-9216-4dfa-835c-e57ec158494a;hollow square is correct?;2026-06-02 10:23:10.759591+00;2026-06-02 10:23:10.759591+00
34c9dc52-6664-42d6-aa6a-a24f5303fb73;f98849ce-7bd0-4036-bb7d-6509cf722198;ee75d909-9216-4dfa-835c-e57ec158494a;hollow rectangle is correct?;2026-06-02 10:24:12.287592+00;2026-06-02 10:24:12.287592+00
ce166806-6b16-492f-a858-8a0c47cac306;f98849ce-7bd0-4036-bb7d-6509cf722198;ee75d909-9216-4dfa-835c-e57ec158494a;hollow rectangle is correct?;2026-06-02 11:29:41.576673+00;2026-06-02 11:29:41.576673+00
2f6d790a-fa4c-46f6-9ca9-f31192c5d0ac;f98849ce-7bd0-4036-bb7d-6509cf722198;ee75d909-9216-4dfa-835c-e57ec158494a;Help me with this;2026-06-02 11:29:56.574279+00;2026-06-02 11:29:56.574279+00
2c2774f6-6654-4375-8840-0d5819b33cf2;f98849ce-7bd0-4036-bb7d-6509cf722198;ee75d909-9216-4dfa-835c-e57ec158494a;"i want to print inverted half pyramid
";2026-06-02 11:30:41.917832+00;2026-06-02 11:30:41.917832+00
520007b4-3d3d-4e53-9589-2e61257650fe;f98849ce-7bd0-4036-bb7d-6509cf722198;ee75d909-9216-4dfa-835c-e57ec158494a;"i want to print inverted half pyramid
";2026-06-02 11:45:25.383033+00;2026-06-02 11:45:25.383033+00
ab0d5f7a-af9a-4357-b7e8-76d23be2039d;f98849ce-7bd0-4036-bb7d-6509cf722198;ee75d909-9216-4dfa-835c-e57ec158494a;Help me with this;2026-06-02 11:58:04.421939+00;2026-06-02 11:58:04.421939+00
47191647-a683-44d6-ab1a-96a47dcde86f;f98849ce-7bd0-4036-bb7d-6509cf722198;ee75d909-9216-4dfa-835c-e57ec158494a;is this correct for hollow half pyramid?;2026-06-02 11:58:23.853361+00;2026-06-02 11:58:23.853361+00
6bc41b13-96c8-4598-98c5-0dd7fb5c1173;f98849ce-7bd0-4036-bb7d-6509cf722198;ee75d909-9216-4dfa-835c-e57ec158494a;is this correct for hollow half pyramid?;2026-06-02 11:58:56.083735+00;2026-06-02 11:58:56.083735+00
2c0e6da1-fdcd-4f0e-bd76-2be8bf35aac2;f98849ce-7bd0-4036-bb7d-6509cf722198;ee75d909-9216-4dfa-835c-e57ec158494a;Help me with this;2026-06-02 13:25:27.146822+00;2026-06-02 13:25:27.146822+00
f8a328c4-9d1b-4486-ba38-f13ec4306c7c;f98849ce-7bd0-4036-bb7d-6509cf722198;ee75d909-9216-4dfa-835c-e57ec158494a;i sthis corret for hollow half pyramid ?;2026-06-02 13:25:44.956629+00;2026-06-02 13:25:44.956629+00
dd670f1a-4732-47c8-ac5d-cdffeb58105f;f98849ce-7bd0-4036-bb7d-6509cf722198;ee75d909-9216-4dfa-835c-e57ec158494a;i sthis corret for hollow half pyramid ?;2026-06-02 13:28:44.90951+00;2026-06-02 13:28:44.90951+00
f8e80700-c89c-4efc-8fbd-86041289e66a;f98849ce-7bd0-4036-bb7d-6509cf722198;ee75d909-9216-4dfa-835c-e57ec158494a;i sthis corret for hollow half pyramid ?;2026-06-02 13:30:08.847282+00;2026-06-02 13:30:08.847282+00
924cd7de-057f-4200-af1f-70646f08835a;f98849ce-7bd0-4036-bb7d-6509cf722198;ee75d909-9216-4dfa-835c-e57ec158494a;Help me with this;2026-06-02 13:43:08.970237+00;2026-06-02 13:43:08.970237+00
69814d01-2589-4e4b-8403-1819ca58c6dd;f98849ce-7bd0-4036-bb7d-6509cf722198;ee75d909-9216-4dfa-835c-e57ec158494a;Help me with this;2026-06-02 13:44:41.830354+00;2026-06-02 13:44:41.830354+00
2e9bad11-938b-45ae-a34a-3db9a6640ef2;f98849ce-7bd0-4036-bb7d-6509cf722198;ee75d909-9216-4dfa-835c-e57ec158494a;Help me with this;2026-06-02 13:46:06.845769+00;2026-06-02 13:46:06.845769+00
c486dc1c-56c4-458e-a7dc-ca64d4e66f05;f98849ce-7bd0-4036-bb7d-6509cf722198;ee75d909-9216-4dfa-835c-e57ec158494a;"got this error -Terminal
• Runtime Error (NZEC) (0.051s)
Err";2026-06-02 13:47:31.985177+00;2026-06-02 13:47:31.985177+00
e93b9da6-2836-4cf6-9df9-9b764adea94b;f98849ce-7bd0-4036-bb7d-6509cf722198;ee75d909-9216-4dfa-835c-e57ec158494a;Help me with this;2026-06-02 14:52:21.299922+00;2026-06-02 14:52:21.299922+00
3c6f1e96-e809-4790-8890-8b3091d52d21;f98849ce-7bd0-4036-bb7d-6509cf722198;ee75d909-9216-4dfa-835c-e57ec158494a;Help me with this;2026-06-02 14:57:05.933775+00;2026-06-02 14:57:05.933775+00
2922565e-0d20-48a6-afa5-38d7aa56424e;f98849ce-7bd0-4036-bb7d-6509cf722198;ee75d909-9216-4dfa-835c-e57ec158494a;inverted hollow half pyramid;2026-06-02 14:57:29.962052+00;2026-06-02 14:57:29.962052+00
0d57a180-913f-4006-b1d5-7f51d30fb095;f98849ce-7bd0-4036-bb7d-6509cf722198;ee75d909-9216-4dfa-835c-e57ec158494a;inverted hollow half pyramid;2026-06-02 15:00:48.541809+00;2026-06-02 15:00:48.541809+00
90556e7b-7eea-41d4-b8e2-cf592fa355e1;f98849ce-7bd0-4036-bb7d-6509cf722198;ee75d909-9216-4dfa-835c-e57ec158494a;"where wrog -#include <iostream>
using namespace std;
int mai";2026-06-02 15:01:15.155314+00;2026-06-02 15:01:15.155314+00
2f747bcf-e615-49f2-8642-c2dee7f5a233;f98849ce-7bd0-4036-bb7d-6509cf722198;ee75d909-9216-4dfa-835c-e57ec158494a;"where wrog -#include <iostream>
using namespace std;
int mai";2026-06-02 15:01:59.514838+00;2026-06-02 15:01:59.514838+00
bd1a55fc-33ef-42a9-aa36-3495c6a85169;f98849ce-7bd0-4036-bb7d-6509cf722198;ee75d909-9216-4dfa-835c-e57ec158494a;"where wrog -#include <iostream>
using namespace std;
int mai";2026-06-02 15:03:43.634023+00;2026-06-02 15:03:43.634023+00
5af21a63-61e8-46c8-8f15-73132a420290;f98849ce-7bd0-4036-bb7d-6509cf722198;ee75d909-9216-4dfa-835c-e57ec158494a;"where wrog -#include <iostream>
using namespace std;
int mai";2026-06-02 15:04:42.783941+00;2026-06-02 15:04:42.783941+00
13b31310-8b05-40c3-8dd7-ec1c23d388fe;f98849ce-7bd0-4036-bb7d-6509cf722198;ee75d909-9216-4dfa-835c-e57ec158494a;Help me with this;2026-06-02 15:05:15.496995+00;2026-06-02 15:05:15.496995+00
d183b6c7-5c36-42a4-9d42-a0ad914894dd;f98849ce-7bd0-4036-bb7d-6509cf722198;ee75d909-9216-4dfa-835c-e57ec158494a;Help me with this;2026-06-02 15:08:50.562158+00;2026-06-02 15:08:50.562158+00
882fc8f4-66bd-464f-899d-9664c11041cb;f98849ce-7bd0-4036-bb7d-6509cf722198;ee75d909-9216-4dfa-835c-e57ec158494a;col = = 6-row-1){ why written this ?;2026-06-02 15:09:04.32305+00;2026-06-02 15:09:04.32305+00
de5b926f-a6c4-4fca-ad3a-335d8af07822;f98849ce-7bd0-4036-bb7d-6509cf722198;ee75d909-9216-4dfa-835c-e57ec158494a;col = = 6-row-1){ why written this ? means it used for anti ;2026-06-02 15:10:10.685118+00;2026-06-02 15:10:10.685118+00
42831968-e235-4255-a911-d08328009ba3;f98849ce-7bd0-4036-bb7d-6509cf722198;ee75d909-9216-4dfa-835c-e57ec158494a;Help me with this;2026-06-03 10:41:34.348217+00;2026-06-03 10:41:34.348217+00
37be0a5d-5f5a-4ca2-a2fc-e08b80424d46;f98849ce-7bd0-4036-bb7d-6509cf722198;ee75d909-9216-4dfa-835c-e57ec158494a;hollow half pyramid pattern;2026-06-03 10:41:57.62439+00;2026-06-03 10:41:57.62439+00
58da1db0-25d9-4be8-a135-620d7728f2c9;f98849ce-7bd0-4036-bb7d-6509cf722198;ee75d909-9216-4dfa-835c-e57ec158494a;hollow half pyramid pattern;2026-06-03 10:43:27.690917+00;2026-06-03 10:43:27.690917+00
e83fbdcb-b028-4e27-ad13-7fdfabd5a910;f98849ce-7bd0-4036-bb7d-6509cf722198;ee75d909-9216-4dfa-835c-e57ec158494a;hollow half pyramid pattern;2026-06-03 10:43:38.398368+00;2026-06-03 10:43:38.398368+00
0d70ef32-dbd6-4dde-801e-9c280a6c77dd;f98849ce-7bd0-4036-bb7d-6509cf722198;ee75d909-9216-4dfa-835c-e57ec158494a;hollow half pyramid pattern;2026-06-03 10:46:10.503841+00;2026-06-03 10:46:10.503841+00
71356bab-179b-4182-92ea-53b7ea5f2857;f98849ce-7bd0-4036-bb7d-6509cf722198;ee75d909-9216-4dfa-835c-e57ec158494a;hollow half pyramid pattern;2026-06-03 10:47:27.012671+00;2026-06-03 10:47:27.012671+00
3e254aba-c872-4799-baca-b6cb05d7a4e5;f98849ce-7bd0-4036-bb7d-6509cf722198;ee75d909-9216-4dfa-835c-e57ec158494a;Help me with this;2026-06-03 11:01:46.939685+00;2026-06-03 11:01:46.939685+00
87ceb6c5-c5ff-4b57-afd0-3fccbd4a0b77;f98849ce-7bd0-4036-bb7d-6509cf722198;ee75d909-9216-4dfa-835c-e57ec158494a;Help me with this;2026-06-03 11:25:33.740402+00;2026-06-03 11:25:33.740402+00
2b057ae6-cd40-4be4-95ad-7c7cab7d6cfc;285b374a-73f6-4e0d-af63-7cfde4170754;5e7d571b-4de0-435c-a404-65fe08a32ba8;Help me with this;2026-06-03 11:36:37.148794+00;2026-06-03 11:36:37.148794+00
84a6ee6a-afad-43f1-89ff-25b3843b6cf3;285b374a-73f6-4e0d-af63-7cfde4170754;5e7d571b-4de0-435c-a404-65fe08a32ba8;provide me copy paste code format ;2026-06-03 11:37:06.357649+00;2026-06-03 11:37:06.357649+00
82c2dfb8-d056-4ee8-8033-93581df4a5f3;285b374a-73f6-4e0d-af63-7cfde4170754;5e7d571b-4de0-435c-a404-65fe08a32ba8;provide me copy paste code format ;2026-06-03 11:38:08.873941+00;2026-06-03 11:38:08.873941+00
7c20176d-4355-4289-91e6-c457c13b9d9e;285b374a-73f6-4e0d-af63-7cfde4170754;5e7d571b-4de0-435c-a404-65fe08a32ba8;provide me copy paste code format ;2026-06-03 11:42:30.796806+00;2026-06-03 11:42:30.796806+00
e42c79af-ed94-4dab-85c8-2c37acc25067;285b374a-73f6-4e0d-af63-7cfde4170754;5e7d571b-4de0-435c-a404-65fe08a32ba8;Find and fix bugs;2026-06-03 11:42:38.636019+00;2026-06-03 11:42:38.636019+00
2de29146-9417-4010-a4d0-264201a14ab3;285b374a-73f6-4e0d-af63-7cfde4170754;5e7d571b-4de0-435c-a404-65fe08a32ba8;"Terminal
• Compilation Error
Main.java:1: error: class Binar";2026-06-03 11:43:02.161437+00;2026-06-03 11:43:02.161437+00
c75c04b6-d324-4bd0-ac1b-f875d007df25;f98849ce-7bd0-4036-bb7d-6509cf722198;ee75d909-9216-4dfa-835c-e57ec158494a;Help me with this;2026-06-04 10:26:24.850384+00;2026-06-04 10:26:24.850384+00
af0a48cc-fe48-40bf-85d7-ba9362a79796;f98849ce-7bd0-4036-bb7d-6509cf722198;ee75d909-9216-4dfa-835c-e57ec158494a;Help me with this;2026-06-04 10:27:08.271678+00;2026-06-04 10:27:08.271678+00
4a3426b1-29e0-4e21-b674-8510bfd93b83;f98849ce-7bd0-4036-bb7d-6509cf722198;ee75d909-9216-4dfa-835c-e57ec158494a;Help me with this;2026-06-04 10:27:38.754298+00;2026-06-04 10:27:38.754298+00
bdbb49ca-3905-4a71-91d3-4735677f1ca3;f98849ce-7bd0-4036-bb7d-6509cf722198;ee75d909-9216-4dfa-835c-e57ec158494a;Help me with this;2026-06-04 11:54:33.058224+00;2026-06-04 11:54:33.058224+00
a5996b80-d776-4561-9677-0781bf3d0975;f98849ce-7bd0-4036-bb7d-6509cf722198;ee75d909-9216-4dfa-835c-e57ec158494a;"is this correct for inverted full pyramid?
";2026-06-04 11:55:01.789169+00;2026-06-04 11:55:01.789169+00
030dfb19-9255-4a90-bcc4-c98bf8477d87;f98849ce-7bd0-4036-bb7d-6509cf722198;ee75d909-9216-4dfa-835c-e57ec158494a;Help me with this;2026-06-04 22:08:45.962287+00;2026-06-04 22:08:45.962287+00
d638004a-69c4-43b2-a04a-771652208a0b;f98849ce-7bd0-4036-bb7d-6509cf722198;ee75d909-9216-4dfa-835c-e57ec158494a;hollow pyramid;2026-06-04 22:09:01.341203+00;2026-06-04 22:09:01.341203+00
2d17a796-3684-4e6b-801a-8e02ea4ba867;f98849ce-7bd0-4036-bb7d-6509cf722198;ee75d909-9216-4dfa-835c-e57ec158494a;hollow pyramid;2026-06-04 22:21:55.927994+00;2026-06-04 22:21:55.927994+00
ba5e8f6a-6224-4739-9d09-4e14bb6c8c83;f98849ce-7bd0-4036-bb7d-6509cf722198;ee75d909-9216-4dfa-835c-e57ec158494a;inverted full pyramid;2026-06-04 22:22:06.347343+00;2026-06-04 22:22:06.347343+00
e31773ce-bb6f-46fc-9238-bdc2a863aadf;f98849ce-7bd0-4036-bb7d-6509cf722198;ee75d909-9216-4dfa-835c-e57ec158494a;inverted full pyramid;2026-06-04 22:24:33.051815+00;2026-06-04 22:24:33.051815+00
b60b82c7-67ce-46fa-a89b-3010b708d691;f98849ce-7bd0-4036-bb7d-6509cf722198;ee75d909-9216-4dfa-835c-e57ec158494a;inverted full pyramid;2026-06-04 22:32:01.957835+00;2026-06-04 22:32:01.957835+00
95469aa3-80ba-4614-b7e3-558d72bdebb8;f98849ce-7bd0-4036-bb7d-6509cf722198;ee75d909-9216-4dfa-835c-e57ec158494a;inverted hollow pyramid;2026-06-04 22:32:18.036476+00;2026-06-04 22:32:18.036476+00
c4244a6c-145a-41ad-af52-950c1d7f6012;f98849ce-7bd0-4036-bb7d-6509cf722198;ee75d909-9216-4dfa-835c-e57ec158494a;inverted hollow pyramid;2026-06-04 22:33:45.90472+00;2026-06-04 22:33:45.90472+00
6f41f336-a1b3-439d-947f-80d1c76f87f6;f98849ce-7bd0-4036-bb7d-6509cf722198;ee75d909-9216-4dfa-835c-e57ec158494a;Help me with this;2026-06-12 09:39:45.049465+00;2026-06-12 09:39:45.049465+00
dd424b32-3b9e-4d1b-913c-1a0e26ca3393;f98849ce-7bd0-4036-bb7d-6509cf722198;ee75d909-9216-4dfa-835c-e57ec158494a;Help me with this;2026-06-12 09:46:48.131779+00;2026-06-12 09:46:48.131779+00
f4048062-6c3c-4195-ae1a-79b7037f0cd8;f98849ce-7bd0-4036-bb7d-6509cf722198;ee75d909-9216-4dfa-835c-e57ec158494a;Help me with this;2026-06-12 09:51:35.938298+00;2026-06-12 09:51:35.938298+00
afb0df8a-d4c2-4d9f-affc-b631d2ec278d;f98849ce-7bd0-4036-bb7d-6509cf722198;ee75d909-9216-4dfa-835c-e57ec158494a;Help me with this;2026-06-12 09:52:41.018052+00;2026-06-12 09:52:41.018052+00
d77a020d-9baa-4f5f-a045-8bc0d2292696;f98849ce-7bd0-4036-bb7d-6509cf722198;ee75d909-9216-4dfa-835c-e57ec158494a;Help me with this;2026-06-12 09:53:48.192267+00;2026-06-12 09:53:48.192267+00
76224593-33b2-43e1-8a81-e25492eb43e3;f98849ce-7bd0-4036-bb7d-6509cf722198;ee75d909-9216-4dfa-835c-e57ec158494a;Help me with this;2026-06-12 09:55:28.540812+00;2026-06-12 09:55:28.540812+00
5b9fe758-cfe2-441b-9a9e-a03fc1859702;f98849ce-7bd0-4036-bb7d-6509cf722198;ee75d909-9216-4dfa-835c-e57ec158494a;"i got this infinite pls do fix this --Terminal
• Accepted (0";2026-06-12 09:55:45.2609+00;2026-06-12 09:55:45.2609+00
ead863fb-6645-4861-9d88-026ebbfc1d53;f98849ce-7bd0-4036-bb7d-6509cf722198;ee75d909-9216-4dfa-835c-e57ec158494a;"5
1 2 3 4 5 6 7 8 enter the no of elements
Enter elementsEnt";2026-06-12 09:56:59.877288+00;2026-06-12 09:56:59.877288+00
43839c2e-35f7-4541-a9fe-d2a0349196db;f98849ce-7bd0-4036-bb7d-6509cf722198;ee75d909-9216-4dfa-835c-e57ec158494a;"5
1 2 3 4 5 6 7 8 enter the no of elements
Enter elementsEnt";2026-06-12 10:01:54.980845+00;2026-06-12 10:01:54.980845+00
b458133b-f7c2-4c6f-804d-5942de80b3fa;f98849ce-7bd0-4036-bb7d-6509cf722198;ee75d909-9216-4dfa-835c-e57ec158494a;"5
1 2 3 4 5 6 7 8 enter the no of elements
Enter elementsEnt";2026-06-12 10:22:37.271808+00;2026-06-12 10:22:37.271808+00
b04a2336-3b9d-495e-8230-3ee264a1dbfe;f98849ce-7bd0-4036-bb7d-6509cf722198;ee75d909-9216-4dfa-835c-e57ec158494a;"5
1 2 3 4 5 6 7 8 enter the no of elements
Enter elementsEnt";2026-06-12 10:24:33.505533+00;2026-06-12 10:24:33.505533+00
a59b6e93-f2d9-4eb2-9b8d-87baea305501;f98849ce-7bd0-4036-bb7d-6509cf722198;ee75d909-9216-4dfa-835c-e57ec158494a;"5
1 2 3 4 5 6 7 8 enter the no of elements
Enter elementsEnt";2026-06-12 10:41:51.233451+00;2026-06-12 10:41:51.233451+00
cb1c4a0c-9369-4485-9a60-11f51909392f;f98849ce-7bd0-4036-bb7d-6509cf722198;ee75d909-9216-4dfa-835c-e57ec158494a;"5
1 2 3 4 5 6 7 8 enter the no of elements
Enter elementsEnt";2026-06-12 12:26:43.179826+00;2026-06-12 12:26:43.179826+00
3cfc3888-1ff7-42ce-bb93-85cb9bee1c36;f98849ce-7bd0-4036-bb7d-6509cf722198;ee75d909-9216-4dfa-835c-e57ec158494a;"5
1 2 3 4 5 6 7 8 enter the no of elements
Enter elementsEnt";2026-06-12 12:29:33.200495+00;2026-06-12 12:29:33.200495+00
bb9c1c8d-7cae-4f5d-930d-c0a049c9341e;f98849ce-7bd0-4036-bb7d-6509cf722198;ee75d909-9216-4dfa-835c-e57ec158494a;"5
1 2 3 4 5 6 7 8 enter the no of elements
Enter elementsEnt";2026-06-12 12:29:53.447549+00;2026-06-12 12:29:53.447549+00
a4fa9c5c-75d9-4e67-97d4-459e8c13933b;f98849ce-7bd0-4036-bb7d-6509cf722198;ee75d909-9216-4dfa-835c-e57ec158494a;"5
1 2 3 4 5 6 7 8 enter the no of elements
Enter elementsEnt";2026-06-12 12:31:10.86751+00;2026-06-12 12:31:10.86751+00
d75de94d-bc3a-4aac-9f3e-07dc7069396b;f98849ce-7bd0-4036-bb7d-6509cf722198;ee75d909-9216-4dfa-835c-e57ec158494a;"5
1 2 3 4 5 6 7 8 enter the no of elements
Enter elementsEnt";2026-06-12 12:32:59.848852+00;2026-06-12 12:32:59.848852+00
2a5f094c-8861-4005-8694-14a1460d1da9;f98849ce-7bd0-4036-bb7d-6509cf722198;ee75d909-9216-4dfa-835c-e57ec158494a;"5
1 2 3 4 5 6 7 8 enter the no of elements
Enter elementsEnt";2026-06-12 12:33:25.628459+00;2026-06-12 12:33:25.628459+00
a49facc8-538e-4b33-8dc7-66df56328f80;f98849ce-7bd0-4036-bb7d-6509cf722198;ee75d909-9216-4dfa-835c-e57ec158494a;"5
1 2 3 4 5 6 7 8 enter the no of elements
Enter elementsEnt";2026-06-12 12:34:42.725614+00;2026-06-12 12:34:42.725614+00
286d6587-00ec-4360-8371-9b9c5f5097af;f98849ce-7bd0-4036-bb7d-6509cf722198;ee75d909-9216-4dfa-835c-e57ec158494a;"5
1 2 3 4 5 6 7 8 enter the no of elements
Enter elementsEnt";2026-06-12 12:35:29.401602+00;2026-06-12 12:35:29.401602+00
9254f84b-6178-4fc1-8bad-37e171eef290;f98849ce-7bd0-4036-bb7d-6509cf722198;ee75d909-9216-4dfa-835c-e57ec158494a;can i do by using the void ,like without any return?#include;2026-06-12 12:36:38.756362+00;2026-06-12 12:36:38.756362+00
2297da24-6864-4ddd-85fa-88e494f87ea2;f98849ce-7bd0-4036-bb7d-6509cf722198;ee75d909-9216-4dfa-835c-e57ec158494a;can i do by using the void ,like without any return?#include;2026-06-12 12:52:20.571304+00;2026-06-12 12:52:20.571304+00
c2137c56-af15-4e26-8260-075385ca556b;f98849ce-7bd0-4036-bb7d-6509cf722198;ee75d909-9216-4dfa-835c-e57ec158494a;can i do by using the void ,like without any return?#include;2026-06-12 12:52:35.87017+00;2026-06-12 12:52:35.87017+00
05c0a492-6860-4339-8aeb-4282fa3967cd;f98849ce-7bd0-4036-bb7d-6509cf722198;ee75d909-9216-4dfa-835c-e57ec158494a;"using namespace std;
#include <climits>

 void minimum(int a";2026-06-12 12:52:56.99922+00;2026-06-12 12:52:56.99922+00
60b62515-9d05-41bc-9a7b-e29284587711;f98849ce-7bd0-4036-bb7d-6509cf722198;ee75d909-9216-4dfa-835c-e57ec158494a;Explain this code;2026-06-12 12:53:11.641948+00;2026-06-12 12:53:11.641948+00
83f048d2-8401-4f6a-a7c0-a69f5215e008;f98849ce-7bd0-4036-bb7d-6509cf722198;ee75d909-9216-4dfa-835c-e57ec158494a;Help me with this;2026-06-12 16:44:53.982811+00;2026-06-12 16:44:53.982811+00
f753cef6-4fad-4903-adb4-b904129d1485;f98849ce-7bd0-4036-bb7d-6509cf722198;ee75d909-9216-4dfa-835c-e57ec158494a;Help me with this;2026-06-12 16:45:58.73509+00;2026-06-12 16:45:58.73509+00
baba93c6-29da-4490-ba55-6bb21292fa2c;f98849ce-7bd0-4036-bb7d-6509cf722198;ee75d909-9216-4dfa-835c-e57ec158494a;Help me with this;2026-06-12 16:47:57.243917+00;2026-06-12 16:47:57.243917+00
bb8b4cd7-caec-4d6f-a00b-158943fd74b8;f98849ce-7bd0-4036-bb7d-6509cf722198;ee75d909-9216-4dfa-835c-e57ec158494a;Help me with this;2026-06-12 17:43:53.051281+00;2026-06-12 17:43:53.051281+00